Original Sentence,Revised Sentence,Category
"Good luck with your project. It must be really hard.","I hope you're making good progress on your project.","Sarcasm/Hidden Meanings"
"Don't worry, I'm sure you'll get there eventually.","I am here to help if you need any support.","Sarcasm/Hidden Meanings"
"Let's touch base sometime.","Would you be available for a meeting sometime next week?","Idioms/Slang"
"How are you doing?" (unrelated to a work context),"Is everything okay?","Unnecessary Social Niceties"
"Just a heads up, the meeting might run a bit late.","The meeting will likely extend past the scheduled time.","Slang/Clarity"
"That was a good idea, but we'll probably go with option B.","We decided to go with option B.","Hidden Meanings/Implication"
"Yeah, no, I hear ya.","I understand what you're saying.","Slang/Clarity"
"Nice of you to finally join us.","Thanks for joining.","Sarcasm/Clarity"
"Well, that's one way to do it.","That's an interesting approach.","Sarcasm/Clarity"
"Must be great to be on break.","Hope you're enjoying your time off.","Sarcasm/Hidden Meanings"
"Oh, you're an expert now?","I'm interested to hear more about your approach.","Sarcasm/Hidden Meanings"
"Guess you don't have much on your plate, huh?","It seems like you might have some flexibility in your schedule.","Sarcasm/Hidden Meanings"
"That must be reeeally important.","I see this is a priority for you.","Sarcasm/Hidden Meanings"
"Sure, take your time.","Please let me know when you're ready.","Sarcasm"
"Oh, that's totally not obvious at all.","That could be clearer.","Sarcasm"
"I didn’t know you were the boss now.","It sounds like you have strong ideas here.","Sarcasm"
"Lucky you!","That's great that you're in a good position.","Sarcasm"
"We’ll cross that bridge when we get there.","We’ll address that issue when it arises.","Idioms"
"Keep it under wraps for now.","Please keep this confidential.","Idioms"
"Let’s hit the ground running.","Let’s begin as soon as possible.","Idioms"
"That's a home run idea.","That's an excellent idea.","Idioms"
"We’re in the same boat here.","We all face the same situation.","Idioms"
"It’s not rocket science.","It's fairly straightforward.","Idioms"
"We’re on the same page.","We agree on this topic.","Idioms"
"That’s a no-brainer.","The choice is very obvious.","Idioms"
"It’s a win-win situation.","This is beneficial for everyone involved.","Idioms"
"This might be a curveball.","This might be an unexpected issue.","Idioms"
"Hey, I hope I'm not bothering you.","Can we discuss this?","Unnecessary Social Niceties"
"I'm sorry to trouble you, but...","I have a question regarding...","Unnecessary Social Niceties"
"Thanks so much in advance for any help.","Thank you for helping.","Unnecessary Social Niceties"
"I hope this isn't too much to ask.","Here's what I need assistance with.","Unnecessary Social Niceties"
"At your convenience, could you look into this?","Could you review this?","Unnecessary Social Niceties"
"If it’s okay with you, I’d like to suggest…","I suggest…","Unnecessary Social Niceties"
"If you could possibly spare a moment…","Please let me know if you’re available.","Unnecessary Social Niceties"
"Just checking in to see if you had a chance…","Have you reviewed it?","Unnecessary Social Niceties"
"No rush, just whenever you can…","Please complete when possible.","Unnecessary Social Niceties"
"Thank you so much for your time.","Thank you.","Unnecessary Social Niceties"
"I’m sure you did your best.","Thank you for your effort on this.","Hidden Meanings"
"Let’s try to stick to the main points.","Please keep responses concise.","Hidden Meanings"
"I’ll let you figure it out.","Feel free to take a lead on this.","Implication"
"I'm fine, really.","Thank you for asking; I am doing alright.","Hidden Meanings"
"You might want to double-check that.","Please verify this information.","Implication"
"It’s fine if you need more time.","You can take additional time if needed.","Hidden Meanings"
"If that's what you think is best.","Let’s proceed if you're confident in this choice.","Hidden Meanings"
"I'll leave that up to you.","Please make the final decision.","Implication"
"Let’s just focus on what’s realistic.","Please propose feasible options.","Hidden Meanings"
"It’s your call.","Please decide and let us know your choice.","Implication"
