Tone,Original Sentence,Revised Sentence
"Friendly","Good luck with your project. It must be really hard.","I hope you're making good progress on your project. ğŸ˜Š"
"Friendly","Don't worry, I'm sure you'll get there eventually.","I am here to help if you need any support. ğŸ‘"
"Business","Let's touch base sometime.","Would you be available for a meeting sometime next week?"
"Friendly","How are you doing?" (unrelated to a work context),"Is everything okay? ğŸ¤”"
"Business","Just a heads up, the meeting might run a bit late.","The meeting will likely extend past the scheduled time."
"Business","That was a good idea, but we'll probably go with option B.","We decided to go with option B."
"Friendly","Yeah, no, I hear ya.","I understand what you're saying. ğŸ˜Š"
"Friendly","Nice of you to finally join us.","Thanks for joining! ğŸ˜„"
"Friendly","Well, that's one way to do it.","That's an interesting approach. ğŸ¤·"
"Friendly","Must be great to be on break.","Hope you're enjoying your time off! ğŸ˜"
"Friendly","Oh, you're an expert now?","I'm interested to hear more about your approach. ğŸ¤”"
"Friendly","Guess you don't have much on your plate, huh?","It seems like you might have some flexibility in your schedule. ğŸ˜Š"
"Friendly","That must be reeeally important.","I see this is a priority for you. ğŸ‘"
"Friendly","Sure, take your time.","Please let me know when you're ready. â³"
"Business","Oh, that's totally not obvious at all.","That could be clearer."
"Friendly","I didnâ€™t know you were the boss now.","It sounds like you have strong ideas here."
"Friendly","Lucky you!","That's great that you're in a good position!"
"Business","Weâ€™ll cross that bridge when we get there.","Weâ€™ll address that issue when it arises."
"Business","Keep it under wraps for now.","Please keep this confidential."
"Business","Letâ€™s hit the ground running.","Letâ€™s begin as soon as possible."
"Friendly","That's a home run idea.","That's an excellent idea! ğŸ†"
"Friendly","Weâ€™re in the same boat here.","We all face the same situation. ğŸš¤"
"Business","Itâ€™s not rocket science.","It's fairly straightforward."
"Friendly","Weâ€™re on the same page.","We agree on this topic! ğŸ“š"
"Business","Thatâ€™s a no-brainer.","The choice is very obvious."
"Business","Itâ€™s a win-win situation.","This is beneficial for everyone involved."
"Business","This might be a curveball.","This might be an unexpected issue."
"Friendly","Hey, I hope I'm not bothering you.","Can we discuss this? ğŸ¤"
"Friendly","I'm sorry to trouble you, but...","I have a question regarding... ğŸ¤”"
"Friendly","Thanks so much in advance for any help.","Thank you for helping! ğŸ™"
"Business","I hope this isn't too much to ask.","Here's what I need assistance with."
"Business","At your convenience, could you look into this?","Could you review this?"
"Business","If itâ€™s okay with you, Iâ€™d like to suggestâ€¦","I suggestâ€¦"
"Friendly","If you could possibly spare a momentâ€¦","Please let me know if youâ€™re available. ğŸ˜Š"
"Business","Just checking in to see if you had a chanceâ€¦","Have you reviewed it?"
"Business","No rush, just whenever you canâ€¦","Please complete when possible."
"Friendly","Thank you so much for your time.","Thank you! ğŸ™"
"Friendly","Iâ€™m sure you did your best.","Thank you for your effort on this. ğŸ‘"
"Business","Letâ€™s try to stick to the main points.","Please keep responses concise."
"Friendly","Iâ€™ll let you figure it out.","Feel free to take a lead on this! ğŸ‘"
"Friendly","I'm fine, really.","Thank you for asking; I am doing alright. ğŸ˜Š"
"Business","You might want to double-check that.","Please verify this information."
"Friendly","Itâ€™s fine if you need more time.","You can take additional time if needed. â³"
"Business","If that's what you think is best.","Letâ€™s proceed if you're confident in this choice."
"Business","I'll leave that up to you.","Please make the final decision."
"Business","Letâ€™s just focus on whatâ€™s realistic.","Please propose feasible options."
"Business","Itâ€™s your call.","Please decide and let us know your choice."
"Friendly","Wow, that presentation wasâ€¦ something.","I think thereâ€™s room for improvement in the presentation. ğŸ˜¬"
"Friendly","You must be so proud of that mistake.","Itâ€™s good to learn from mistakes. ğŸ’¡"
"Friendly","Well, that was a unique approach.","Your approach was interesting and different. ğŸ¤”"
"Friendly","Glad someone knows what they're doing.","Itâ€™s good to see expertise in action. ğŸ’ª"
"Friendly","Guess thatâ€™s the best we can hope for.","This seems to be the best solution for now. ğŸ‘"
"Friendly","Good to know you have it all under control.","Let me know if you need assistance. ğŸ’¼"
"Friendly","I love how you took your time with that.","It seems you took extra care with that task. ğŸ˜Š"
"Friendly","You certainly donâ€™t hold back, do you?","You share your thoughts openly! ğŸ’¬"
"Friendly","Oh, take all the time you need.","Please inform me when you're ready. â³"
"Friendly","Well, you gave it your best shot.","Thank you for your effort! ğŸ‘"
"Business","Donâ€™t throw in the towel just yet.","Please don't give up on this yet."
"Business","Itâ€™s in the ballpark.","Itâ€™s an approximate estimate."
"Business","Hold your horses.","Please wait a moment."
"Business","Letâ€™s keep an ear to the ground.","Letâ€™s stay alert for updates."
"Business","That idea's out of left field.","That idea is unexpected."
"Business","It's all up in the air.","The situation is undecided."
"Business","Don't let it slip through the cracks.","Make sure it isnâ€™t overlooked."
"Business","Let's not beat around the bush.","Letâ€™s address the issue directly."
"Friendly","He's on a roll.","He is achieving a lot in a short time! ğŸ”¥"
"Business","Itâ€™s all downhill from here.","The rest will be easier."
"Friendly","Just a little question for youâ€¦","I have a question for you. ğŸ¤”"
"Friendly","If you could spare some timeâ€¦","Please let me know when youâ€™re available. â³"
"Business","Hope you had a good weekend, by the wayâ€¦","Letâ€™s discuss the task."
"Friendly","Could you possibly help with this?","Can you assist with this? ğŸ˜Š"
"Business","At your earliest convenience, if thatâ€™s alrightâ€¦","Please respond as soon as you can."
"Business","Just wanted to check in if thatâ€™s okay.","Is there an update on this?"
"Friendly","Let me know if you have a second to spare.","Let me know if you have time. â³"
"Friendly","Iâ€™d appreciate it if itâ€™s not too much trouble.","I would appreciate your help! ğŸ™"
"Friendly","Iâ€™m not trying to bother you, justâ€¦","Iâ€™d like to discuss something with you. ğŸ˜Š"
"Business","Would it be alright ifâ€¦?","Is it possible toâ€¦?"
"Business","Letâ€™s see if we can improve it.","We need to make improvements."
"Friendly","Just a suggestion, butâ€¦","Here's my suggestionâ€¦ ğŸ˜Š"
"Business","That's an ambitious goal.","This goal may be difficult to reach."
"Friendly","You might want to think about it more.","Please consider this carefully. ğŸ¤”"
"Business","Not everyone would agree with that.","That may not be a universally agreed upon view."
"Friendly","Iâ€™m sure itâ€™ll work outâ€¦ eventually.","This might take longer to complete. â³"
"Business","If you think that's the best way.","Proceed if you're confident in this choice."
"Friendly","Thatâ€™s a different way of looking at it!","That's an interesting perspective. ğŸ‘€"
"Friendly","Well, that was a nice touch!","That was a thoughtful gesture. ğŸ˜Š"
"Business","I have a few questions before we proceed.","I need some clarification before we continue."
